{"cameraMode":{"drawMode":0,"name":"Shaded","section":"Shading Mode"},"sceneLighting":false,"audioPlay":false,"sceneViewState":{"showFog":true,"showMaterialUpdate":false,"showSkybox":false,"showFlares":true,"showImageEffects":true,"showParticleSystems":true},"in2DMode":false,"pivot":{"x":-4.493188858032227,"y":-1.6096906661987305,"z":5.872926712036133},"rotation":{"x":-0.08533716946840286,"y":0.8688426613807678,"z":-0.161075621843338,"w":-0.4603094756603241},"size":35.377376556396487,"orthographic":false}