{"cameraMode":{"drawMode":0,"name":"Shaded","section":"Shading Mode"},"sceneLighting":false,"audioPlay":false,"sceneViewState":{"showFog":true,"showMaterialUpdate":false,"showSkybox":false,"showFlares":true,"showImageEffects":true,"showParticleSystems":true},"in2DMode":false,"pivot":{"x":-0.39565467834472659,"y":-5.48201322555542,"z":-8.562708854675293},"rotation":{"x":-0.08533716946840286,"y":0.8688426613807678,"z":-0.161075621843338,"w":-0.4603094756603241},"size":29.233694076538087,"orthographic":false}